Team,G,MP,FG,FGA,FG%,3P,3PA,3P%,2P,2PA,2P%,FT,FTA,FT%,ORB,DRB,TRB,AST,STL,BLK,TOV,PF,PTS,SEASON
Milwaukee Bucks*,72,17330,3221,6610,0.487,1038,2669,0.389,2183,3941,0.554,1169,1539,0.76,741,2724,3465,1834,585,334,995,1244,8649,2020-21 
Brooklyn Nets*,72,17405,3106,6289,0.494,1020,2600,0.392,2086,3689,0.565,1305,1623,0.804,640,2559,3199,1929,484,379,975,1371,8537,2020-21 
Washington Wizards*,72,17405,3108,6547,0.475,733,2088,0.351,2375,4459,0.533,1449,1884,0.769,697,2557,3254,1835,528,297,1037,1555,8398,2020-21 
Utah Jazz*,72,17355,2971,6344,0.468,1205,3098,0.389,1766,3246,0.544,1235,1546,0.799,765,2709,3474,1703,474,371,1023,1335,8382,2020-21 
Portland Trail Blazers*,72,17305,2973,6558,0.453,1132,2939,0.385,1841,3619,0.509,1282,1558,0.823,766,2441,3207,1531,496,363,799,1362,8360,2020-21 
Indiana Pacers,72,17455,3115,6567,0.474,889,2445,0.364,2226,4122,0.54,1183,1493,0.792,648,2424,3072,1973,611,460,975,1453,8302,2020-21 
Phoenix Suns*,72,17480,3118,6357,0.49,940,2490,0.378,2178,3867,0.563,1124,1347,0.834,630,2462,3092,1939,517,312,902,1374,8300,2020-21 
Denver Nuggets*,72,17480,3114,6422,0.485,927,2462,0.377,2187,3960,0.552,1129,1406,0.803,758,2442,3200,1933,582,323,972,1374,8284,2020-21 
New Orleans Pelicans,72,17430,3060,6412,0.477,762,2190,0.348,2298,4222,0.544,1369,1878,0.729,845,2568,3413,1872,545,315,1052,1295,8251,2020-21 
Los Angeles Clippers*,72,17280,3009,6242,0.482,1027,2498,0.411,1982,3744,0.529,1164,1387,0.839,678,2501,3179,1756,509,295,950,1383,8209,2020-21 
Sacramento Kings,72,17305,3067,6382,0.481,874,2400,0.364,2193,3982,0.551,1181,1585,0.745,674,2307,2981,1836,543,358,963,1400,8189,2020-21 
Golden State Warriors,72,17305,2973,6347,0.468,1048,2789,0.376,1925,3558,0.541,1193,1520,0.785,574,2524,3098,1991,587,342,1080,1526,8187,2020-21 
Atlanta Hawks*,72,17405,2937,6281,0.468,895,2402,0.373,2042,3879,0.526,1417,1745,0.812,760,2525,3285,1737,503,342,953,1392,8186,2020-21 
Philadelphia 76ers*,72,17430,2981,6257,0.476,811,2169,0.374,2170,4088,0.531,1409,1836,0.767,722,2522,3244,1706,655,447,1040,1456,8182,2020-21 
Memphis Grizzlies*,72,17405,3085,6608,0.467,803,2258,0.356,2282,4350,0.525,1184,1536,0.771,803,2543,3346,1938,655,364,957,1349,8157,2020-21 
Boston Celtics*,72,17380,2985,6401,0.466,979,2618,0.374,2006,3783,0.53,1160,1496,0.775,765,2421,3186,1689,556,383,1012,1471,8109,2020-21 
Dallas Mavericks*,72,17305,2958,6287,0.47,994,2744,0.362,1964,3543,0.554,1186,1524,0.778,657,2463,3120,1647,450,311,869,1396,8096,2020-21 
Minnesota Timberwolves,72,17405,2932,6546,0.448,944,2706,0.349,1988,3840,0.518,1265,1662,0.761,757,2376,3133,1846,632,398,1027,1507,8073,2020-21 
Toronto Raptors,72,17305,2859,6383,0.448,1041,2831,0.368,1818,3552,0.512,1252,1536,0.815,680,2314,2994,1735,618,389,952,1526,8011,2020-21 
San Antonio Spurs,72,17480,3014,6518,0.462,716,2046,0.35,2298,4472,0.514,1254,1584,0.792,669,2489,3158,1759,505,366,821,1293,7998,2020-21 
Chicago Bulls,72,17380,3035,6380,0.476,904,2446,0.37,2131,3934,0.542,995,1258,0.791,693,2544,3237,1927,482,304,1089,1362,7969,2020-21 
Los Angeles Lakers*,72,17455,2925,6197,0.472,796,2248,0.354,2129,3949,0.539,1241,1679,0.739,695,2490,3185,1775,562,386,1095,1377,7887,2020-21 
Charlotte Hornets,72,17355,2875,6324,0.455,985,2666,0.369,1890,3658,0.517,1146,1505,0.761,762,2389,3151,1933,565,344,1069,1298,7881,2020-21 
Houston Rockets,72,17305,2826,6372,0.444,992,2923,0.339,1834,3449,0.532,1189,1606,0.74,671,2396,3067,1699,546,361,1060,1407,7833,2020-21 
Miami Heat*,72,17380,2824,6029,0.468,932,2606,0.358,1892,3423,0.553,1201,1520,0.79,579,2409,2988,1895,569,286,1013,1363,7781,2020-21 
New York Knicks*,72,17430,2839,6225,0.456,847,2163,0.392,1992,4062,0.49,1181,1506,0.784,696,2554,3250,1541,507,365,932,1473,7706,2020-21 
Detroit Pistons,72,17430,2783,6162,0.452,832,2370,0.351,1951,3792,0.515,1278,1683,0.759,694,2381,3075,1743,531,371,1075,1477,7676,2020-21 
Oklahoma City Thunder,72,17355,2795,6338,0.441,857,2529,0.339,1938,3809,0.509,1113,1536,0.725,715,2568,3283,1588,504,316,1162,1305,7560,2020-21 
Orlando Magic,72,17330,2754,6423,0.429,784,2288,0.343,1970,4135,0.476,1196,1543,0.775,747,2525,3272,1571,496,318,924,1237,7488,2020-21 
Cleveland Cavaliers,72,17430,2778,6175,0.45,720,2141,0.336,2058,4034,0.51,1200,1614,0.743,751,2327,3078,1716,559,325,1114,1308,7476,2020-21 
